filename,class
0.jpg,10
1.jpg,38
2.jpg,4
3.jpg,43
4.jpg,78
5.jpg,69
6.jpg,19
7.jpg,78
8.jpg,60
9.jpg,28
10.jpg,40
11.jpg,39
12.jpg,64
13.jpg,68
14.jpg,67
15.jpg,59
16.jpg,55
17.jpg,36
18.jpg,55
19.jpg,72
20.jpg,26
21.jpg,21
22.jpg,38
23.jpg,47
24.jpg,4
25.jpg,12
26.jpg,43
27.jpg,29
28.jpg,48
29.jpg,25
30.jpg,34
31.jpg,53
32.jpg,27
33.jpg,77
34.jpg,50
35.jpg,37
36.jpg,67
37.jpg,57
38.jpg,67
39.jpg,55
40.jpg,50
41.jpg,22
42.jpg,6
43.jpg,60
44.jpg,52
45.jpg,46
46.jpg,19
47.jpg,49
48.jpg,68
49.jpg,78
50.jpg,67
51.jpg,61
52.jpg,45
53.jpg,65
54.jpg,67
55.jpg,72
56.jpg,16
57.jpg,5
58.jpg,47
59.jpg,45
60.jpg,59
61.jpg,33
62.jpg,34
63.jpg,62
64.jpg,34
65.jpg,1
66.jpg,68
67.jpg,74
68.jpg,34
69.jpg,24
70.jpg,12
71.jpg,75
72.jpg,36
73.jpg,59
74.jpg,28
75.jpg,75
76.jpg,16
77.jpg,50
78.jpg,32
79.jpg,26
80.jpg,63
81.jpg,34
82.jpg,8
83.jpg,71
84.jpg,28
85.jpg,61
86.jpg,54
87.jpg,59
88.jpg,50
89.jpg,75
90.jpg,76
91.jpg,39
92.jpg,32
93.jpg,13
94.jpg,6
95.jpg,49
96.jpg,5
97.jpg,68
98.jpg,29
99.jpg,78
100.jpg,9
101.jpg,62
102.jpg,43
103.jpg,60
104.jpg,53
105.jpg,76
106.jpg,5
107.jpg,76
108.jpg,57
109.jpg,33
110.jpg,24
111.jpg,28
112.jpg,11
113.jpg,36
114.jpg,28
115.jpg,61
116.jpg,24
117.jpg,34
118.jpg,0
119.jpg,24
120.jpg,3
121.jpg,16
122.jpg,34
123.jpg,69
124.jpg,35
125.jpg,50
126.jpg,41
127.jpg,65
128.jpg,57
129.jpg,34
130.jpg,14
131.jpg,70
132.jpg,73
133.jpg,73
134.jpg,30
135.jpg,26
136.jpg,55
137.jpg,48
138.jpg,78
139.jpg,47
140.jpg,50
141.jpg,75
142.jpg,15
143.jpg,29
144.jpg,57
145.jpg,23
146.jpg,53
147.jpg,40
148.jpg,32
149.jpg,45
150.jpg,22
151.jpg,26
152.jpg,33
153.jpg,69
154.jpg,62
155.jpg,16
156.jpg,73
157.jpg,29
158.jpg,48
159.jpg,70
160.jpg,51
161.jpg,28
162.jpg,23
163.jpg,29
164.jpg,67
165.jpg,70
166.jpg,26
167.jpg,7
168.jpg,33
169.jpg,18
170.jpg,55
171.jpg,8
172.jpg,79
173.jpg,37
174.jpg,59
175.jpg,74
176.jpg,50
177.jpg,67
178.jpg,41
179.jpg,38
180.jpg,15
181.jpg,53
182.jpg,14
183.jpg,34
184.jpg,77
185.jpg,19
186.jpg,38
187.jpg,18
188.jpg,58
189.jpg,51
190.jpg,71
191.jpg,23
192.jpg,9
193.jpg,21
194.jpg,46
195.jpg,28
196.jpg,33
197.jpg,23
198.jpg,67
199.jpg,34
200.jpg,8
201.jpg,48
202.jpg,57
203.jpg,14
204.jpg,53
205.jpg,46
206.jpg,58
207.jpg,34
208.jpg,61
209.jpg,28
210.jpg,60
211.jpg,63
212.jpg,53
213.jpg,28
214.jpg,68
215.jpg,12
216.jpg,33
217.jpg,48
218.jpg,32
219.jpg,26
220.jpg,59
221.jpg,61
222.jpg,33
223.jpg,13
224.jpg,64
225.jpg,67
226.jpg,59
227.jpg,23
228.jpg,77
229.jpg,79
230.jpg,16
231.jpg,59
232.jpg,65
233.jpg,36
234.jpg,67
235.jpg,4
236.jpg,48
237.jpg,33
238.jpg,58
239.jpg,28
240.jpg,58
241.jpg,53
242.jpg,34
243.jpg,61
244.jpg,14
245.jpg,33
246.jpg,60
247.jpg,1
248.jpg,44
249.jpg,61
250.jpg,34
251.jpg,75
252.jpg,57
253.jpg,38
254.jpg,15
255.jpg,53
256.jpg,1
257.jpg,10
258.jpg,78
259.jpg,48
260.jpg,53
261.jpg,50
262.jpg,9
263.jpg,47
264.jpg,76
265.jpg,29
266.jpg,38
267.jpg,25
268.jpg,71
269.jpg,33
270.jpg,21
271.jpg,52
272.jpg,24
273.jpg,38
274.jpg,60
275.jpg,7
276.jpg,73
277.jpg,68
278.jpg,13
279.jpg,14
280.jpg,9
281.jpg,29
282.jpg,77
283.jpg,66
284.jpg,53
285.jpg,66
286.jpg,1
287.jpg,38
288.jpg,40
289.jpg,54
290.jpg,28
291.jpg,67
292.jpg,76
293.jpg,9
294.jpg,75
295.jpg,29
296.jpg,23
297.jpg,16
298.jpg,18
299.jpg,32
300.jpg,78
301.jpg,14
302.jpg,32
303.jpg,10
304.jpg,27
305.jpg,75
306.jpg,77
307.jpg,78
308.jpg,40
309.jpg,75
310.jpg,8
311.jpg,68
312.jpg,71
313.jpg,14
314.jpg,67
315.jpg,67
316.jpg,46
317.jpg,15
318.jpg,9
319.jpg,24
320.jpg,26
321.jpg,53
322.jpg,14
323.jpg,67
324.jpg,7
325.jpg,51
326.jpg,45
327.jpg,24
328.jpg,71
329.jpg,53
330.jpg,47
331.jpg,29
332.jpg,24
333.jpg,78
334.jpg,34
335.jpg,65
336.jpg,46
337.jpg,37
338.jpg,50
339.jpg,33
340.jpg,77
341.jpg,18
342.jpg,12
343.jpg,50
344.jpg,25
345.jpg,28
346.jpg,29
347.jpg,67
348.jpg,67
349.jpg,59
350.jpg,14
351.jpg,68
352.jpg,71
353.jpg,15
354.jpg,19
355.jpg,59
356.jpg,75
357.jpg,20
358.jpg,28
359.jpg,76
360.jpg,64
361.jpg,44
362.jpg,58
363.jpg,56
364.jpg,76
365.jpg,10
366.jpg,50
367.jpg,39
368.jpg,67
369.jpg,4
370.jpg,62
371.jpg,76
372.jpg,76
373.jpg,57
374.jpg,60
375.jpg,62
376.jpg,38
377.jpg,47
378.jpg,76
379.jpg,17
380.jpg,77
381.jpg,27
382.jpg,66
383.jpg,53
384.jpg,10
385.jpg,68
386.jpg,12
387.jpg,71
388.jpg,14
389.jpg,28
390.jpg,32
391.jpg,61
392.jpg,49
393.jpg,6
394.jpg,64
395.jpg,76
396.jpg,73
397.jpg,34
398.jpg,39
399.jpg,56
400.jpg,67
401.jpg,4
402.jpg,59
403.jpg,44
404.jpg,33
405.jpg,34
406.jpg,40
407.jpg,50
408.jpg,75
409.jpg,71
410.jpg,29
411.jpg,24
412.jpg,58
413.jpg,28
414.jpg,22
415.jpg,33
416.jpg,14
417.jpg,62
418.jpg,29
419.jpg,54
420.jpg,53
421.jpg,72
422.jpg,56
423.jpg,50
424.jpg,33
425.jpg,77
426.jpg,26
427.jpg,46
428.jpg,15
429.jpg,46
430.jpg,57
431.jpg,54
432.jpg,8
433.jpg,15
434.jpg,62
435.jpg,48
436.jpg,46
437.jpg,54
438.jpg,26
439.jpg,44
440.jpg,73
441.jpg,15
442.jpg,59
443.jpg,34
444.jpg,62
445.jpg,40
446.jpg,12
447.jpg,8
448.jpg,29
449.jpg,32
450.jpg,38
451.jpg,67
452.jpg,60
453.jpg,51
454.jpg,76
455.jpg,26
456.jpg,45
457.jpg,3
458.jpg,23
459.jpg,77
460.jpg,54
461.jpg,71
462.jpg,78
463.jpg,45
464.jpg,32
465.jpg,49
466.jpg,35
467.jpg,1
468.jpg,76
469.jpg,12
470.jpg,24
471.jpg,58
472.jpg,61
473.jpg,76
474.jpg,75
475.jpg,16
476.jpg,28
477.jpg,60
478.jpg,54
479.jpg,33
480.jpg,24
481.jpg,77
482.jpg,71
483.jpg,26
484.jpg,48
485.jpg,45
486.jpg,65
487.jpg,20
488.jpg,18
489.jpg,60
490.jpg,57
491.jpg,78
492.jpg,33
493.jpg,67
494.jpg,29
495.jpg,44
496.jpg,32
497.jpg,20
498.jpg,79
499.jpg,64
500.jpg,77
501.jpg,75
502.jpg,26
503.jpg,16
504.jpg,61
505.jpg,60
506.jpg,58
507.jpg,39
508.jpg,65
509.jpg,40
510.jpg,8
511.jpg,56
512.jpg,17
513.jpg,75
514.jpg,58
515.jpg,67
516.jpg,62
517.jpg,8
518.jpg,51
519.jpg,31
520.jpg,43
521.jpg,64
522.jpg,68
523.jpg,23
524.jpg,68
525.jpg,29
526.jpg,62
527.jpg,61
528.jpg,63
529.jpg,61
530.jpg,76
531.jpg,62
532.jpg,71
533.jpg,51
534.jpg,32
535.jpg,71
536.jpg,78
537.jpg,17
538.jpg,61
539.jpg,26
540.jpg,58
541.jpg,75
542.jpg,45
543.jpg,72
544.jpg,54
545.jpg,28
546.jpg,42
547.jpg,36
548.jpg,69
549.jpg,60
550.jpg,29
551.jpg,34
552.jpg,74
553.jpg,64
554.jpg,58
555.jpg,8
556.jpg,66
557.jpg,64
558.jpg,79
559.jpg,73
560.jpg,19
561.jpg,55
562.jpg,59
563.jpg,38
564.jpg,36
565.jpg,78
566.jpg,63
567.jpg,67
568.jpg,48
569.jpg,59
570.jpg,53
571.jpg,35
572.jpg,8
573.jpg,32
574.jpg,23
575.jpg,11
576.jpg,58
577.jpg,31
578.jpg,9
579.jpg,33
580.jpg,73
581.jpg,78
582.jpg,9
583.jpg,50
584.jpg,76
585.jpg,38
586.jpg,20
587.jpg,53
588.jpg,61
589.jpg,50
590.jpg,62
591.jpg,48
592.jpg,5
593.jpg,18
594.jpg,54
595.jpg,76
596.jpg,73
597.jpg,61
598.jpg,6
599.jpg,51
600.jpg,11
601.jpg,39
602.jpg,68
603.jpg,32
604.jpg,72
605.jpg,7
606.jpg,28
607.jpg,18
608.jpg,28
609.jpg,30
610.jpg,59
611.jpg,67
612.jpg,20
613.jpg,43
614.jpg,62
615.jpg,10
616.jpg,16
617.jpg,39
618.jpg,78
619.jpg,75
620.jpg,54
621.jpg,60
622.jpg,13
623.jpg,40
624.jpg,72
625.jpg,60
626.jpg,51
627.jpg,53
628.jpg,62
629.jpg,67
630.jpg,28
631.jpg,42
632.jpg,32
633.jpg,53
634.jpg,58
635.jpg,67
636.jpg,24
637.jpg,60
638.jpg,30
639.jpg,6
640.jpg,48
641.jpg,34
642.jpg,29
643.jpg,39
644.jpg,68
645.jpg,29
646.jpg,60
647.jpg,55
648.jpg,61
649.jpg,29
650.jpg,33
651.jpg,38
652.jpg,15
653.jpg,15
654.jpg,76
655.jpg,16
656.jpg,36
657.jpg,57
658.jpg,63
659.jpg,55
660.jpg,69
661.jpg,69
662.jpg,68
663.jpg,34
664.jpg,67
665.jpg,33
666.jpg,17
667.jpg,55
668.jpg,33
669.jpg,38
670.jpg,45
671.jpg,57
672.jpg,20
673.jpg,16
674.jpg,77
675.jpg,19
676.jpg,29
677.jpg,28
678.jpg,17
679.jpg,72
680.jpg,53
681.jpg,32
682.jpg,67
683.jpg,34
684.jpg,77
685.jpg,75
686.jpg,72
687.jpg,40
688.jpg,4
689.jpg,66
690.jpg,65
691.jpg,70
692.jpg,34
693.jpg,44
694.jpg,77
695.jpg,66
696.jpg,34
697.jpg,18
698.jpg,58
699.jpg,20
700.jpg,71
701.jpg,13
702.jpg,54
703.jpg,23
704.jpg,34
705.jpg,8
706.jpg,76
707.jpg,28
708.jpg,49
709.jpg,15
710.jpg,74
711.jpg,14
712.jpg,77
713.jpg,72
714.jpg,75
715.jpg,55
716.jpg,48
717.jpg,27
718.jpg,69
719.jpg,28
720.jpg,68
721.jpg,8
722.jpg,61
723.jpg,34
724.jpg,32
725.jpg,76
726.jpg,37
727.jpg,23
728.jpg,49
729.jpg,72
730.jpg,21
731.jpg,9
732.jpg,79
733.jpg,44
734.jpg,3
735.jpg,19
736.jpg,73
737.jpg,67
738.jpg,43
739.jpg,68
740.jpg,15
741.jpg,40
742.jpg,77
743.jpg,71
744.jpg,5
745.jpg,26
746.jpg,59
747.jpg,71
748.jpg,67
749.jpg,6
750.jpg,6
751.jpg,8
752.jpg,67
753.jpg,45
754.jpg,79
755.jpg,45
756.jpg,43
757.jpg,57
758.jpg,65
759.jpg,48
760.jpg,32
761.jpg,26
762.jpg,38
763.jpg,39
764.jpg,74
765.jpg,66
766.jpg,38
767.jpg,64
768.jpg,44
769.jpg,28
770.jpg,16
771.jpg,18
772.jpg,28
773.jpg,61
774.jpg,26
775.jpg,10
776.jpg,32
777.jpg,14
778.jpg,18
779.jpg,6
780.jpg,69
781.jpg,74
782.jpg,67
783.jpg,14
784.jpg,60
785.jpg,71
786.jpg,48
787.jpg,11
788.jpg,25
789.jpg,40
790.jpg,40
791.jpg,56
792.jpg,76
793.jpg,41
794.jpg,70
795.jpg,14
796.jpg,60
797.jpg,16
798.jpg,14
799.jpg,14
800.jpg,79
801.jpg,57
802.jpg,76
803.jpg,43
804.jpg,60
805.jpg,33
806.jpg,55
807.jpg,60
808.jpg,29
809.jpg,34
810.jpg,46
811.jpg,32
812.jpg,67
813.jpg,75
814.jpg,45
815.jpg,49
816.jpg,23
817.jpg,24
818.jpg,20
819.jpg,33
820.jpg,59
821.jpg,14
822.jpg,33
823.jpg,59
824.jpg,61
825.jpg,59
826.jpg,7
827.jpg,72
828.jpg,5
829.jpg,6
830.jpg,76
831.jpg,76
832.jpg,6
833.jpg,2
834.jpg,63
835.jpg,15
836.jpg,8
837.jpg,24
838.jpg,46
839.jpg,53
840.jpg,47
841.jpg,40
842.jpg,10
843.jpg,71
844.jpg,76
845.jpg,72
846.jpg,73
847.jpg,29
848.jpg,46
849.jpg,40
850.jpg,61
851.jpg,9
852.jpg,23
853.jpg,52
854.jpg,15
855.jpg,53
856.jpg,75
857.jpg,32
858.jpg,48
859.jpg,68
860.jpg,28
861.jpg,60
862.jpg,24
863.jpg,20
864.jpg,13
865.jpg,71
866.jpg,7
867.jpg,12
868.jpg,32
869.jpg,31
870.jpg,20
871.jpg,14
872.jpg,32
873.jpg,33
874.jpg,66
875.jpg,67
876.jpg,69
877.jpg,59
878.jpg,7
879.jpg,10
880.jpg,33
881.jpg,52
882.jpg,12
883.jpg,67
884.jpg,54
885.jpg,61
886.jpg,57
887.jpg,0
888.jpg,38
889.jpg,26
890.jpg,78
891.jpg,33
892.jpg,18
893.jpg,39
894.jpg,58
895.jpg,23
896.jpg,74
897.jpg,62
898.jpg,41
899.jpg,75
900.jpg,28
901.jpg,68
902.jpg,34
903.jpg,53
904.jpg,59
905.jpg,0
906.jpg,54
907.jpg,29
908.jpg,67
909.jpg,67
910.jpg,37
911.jpg,34
912.jpg,28
913.jpg,28
914.jpg,28
915.jpg,7
916.jpg,6
917.jpg,53
918.jpg,59
919.jpg,19
920.jpg,16
921.jpg,72
922.jpg,79
923.jpg,15
924.jpg,67
925.jpg,31
926.jpg,16
927.jpg,72
928.jpg,39
929.jpg,41
930.jpg,43
931.jpg,9
932.jpg,15
933.jpg,67
934.jpg,38
935.jpg,48
936.jpg,69
937.jpg,72
938.jpg,50
939.jpg,34
940.jpg,16
941.jpg,79
942.jpg,70
943.jpg,3
944.jpg,48
945.jpg,15
946.jpg,12
947.jpg,8
948.jpg,73
949.jpg,76
950.jpg,26
951.jpg,48
952.jpg,45
953.jpg,33
954.jpg,57
955.jpg,24
956.jpg,74
957.jpg,32
958.jpg,67
